{
  "Profiles" : [
    {
      "Rewritable" : true,
      "Bold Color (Light)" : {
        "Red Component" : 0.062745098039215685,
        "Color Space" : "sRGB",
        "Blue Component" : 0.062745098039215685,
        "Alpha Component" : 1,
        "Green Component" : 0.062745098039215685
      },
      "Guid" : "C1AED000-A1D5-4E87-B123-45678ABCDEF1",
      "Scrollback Lines" : 0,
      "Name" : "ClaudeTerm",
      "Ansi 0 Color" : {
        "Red Component" : 0.078431375324726105,
        "Color Space" : "sRGB",
        "Blue Component" : 0.11764705926179886,
        "Alpha Component" : 1,
        "Green Component" : 0.098039217293262482
      },
      "Bound Hosts" : [

      ],
      "Use Separate Colors for Light and Dark Mode" : true,
      "Ansi 0 Color (Light)" : {
        "Red Component" : 0.078431375324726105,
        "Color Space" : "sRGB",
        "Blue Component" : 0.11764705926179886,
        "Alpha Component" : 1,
        "Green Component" : 0.098039217293262482
      },
      "Bold Color" : {
        "Red Component" : 0.062745101749897003,
        "Color Space" : "sRGB",
        "Blue Component" : 0.062745101749897003,
        "Alpha Component" : 1,
        "Green Component" : 0.062745101749897003
      },
      "Foreground Color" : {
        "Red Component" : 0.062745101749897003,
        "Color Space" : "sRGB",
        "Blue Component" : 0.062745101749897003,
        "Alpha Component" : 1,
        "Green Component" : 0.062745101749897003
      },
      "Tab Color" : {
        "Red Component" : 0.20000000000000001,
        "Color Space" : "sRGB",
        "Blue Component" : 0.20000000000000001,
        "Alpha Component" : 1,
        "Green Component" : 0.59999999999999998
      },
      "Foreground Color (Light)" : {
        "Red Component" : 0.062745098039215685,
        "Color Space" : "sRGB",
        "Blue Component" : 0.062745098039215685,
        "Alpha Component" : 1,
        "Green Component" : 0.062745098039215685
      },
      "Columns" : 200,
      "Unlimited Scrollback" : true,
      "Rows" : 50,
      "Ansi 0 Color (Dark)" : {
        "Red Component" : 0.078431375324726105,
        "Color Space" : "sRGB",
        "Blue Component" : 0.11764705926179886,
        "Alpha Component" : 1,
        "Green Component" : 0.098039217293262482
      },
      "Use Tab Color" : true
    }
  ]
}